Country Name,2015,2016,2017,2018,2019,2020,2021,GDPPC
Aruba,28399.05013,28453.71556,29348.41897,30253.71423,31135.88436,23384.29879,,23384.29879
Africa Eastern and Southern,1556.316469,1446.533624,1629.404273,1541.031661,1511.309259,1360.878645,1557.722682,1557.722682
Afghanistan,556.0072209,512.0127781,516.6798622,485.6684187,494.1793499,516.7478708,,516.7478708
Africa Western and Central,1894.322115,1673.843681,1613.490478,1704.135698,1777.852822,1709.764129,1774.921218,1774.921218
Angola,3127.890598,1728.023754,2313.220584,2524.942483,2177.799015,1631.431691,2137.909393,2137.909393
Albania,3952.802538,4124.05539,4531.019374,5287.663694,5396.215864,5332.160475,6494.385713,6494.385713
Andorra,35770.91865,37474.74584,38964.66201,41793.31884,40898.41791,37416.69772,43047.68627,43047.68627
Arab World,6359.900578,6177.227235,6272.949782,6635.381394,6562.969998,5724.28687,6412.38921,6412.38921
United Arab Emirates,38663.38826,38141.87689,40644.79119,43839.32449,42701.44305,36284.55524,,36284.55524
Argentina,13789.06042,12790.24247,14613.04182,11795.15939,10076.35524,8585.694742,10729.23258,10729.23258
Armenia,3607.289299,3591.828052,3914.527854,4220.540321,4604.646324,4266.018074,4670.008798,4670.008798
American Samoa,12059.63516,12038.2497,11003.82976,11521.60978,11715.36014,12844.90099,,12844.90099
Antigua and Barbuda,14285.32978,15198.74297,15383.5764,16679.59166,17376.64968,13992.74448,14900.7974,14900.7974
Australia,56707.02208,49881.76371,53934.25018,57180.7794,54875.28596,51680.31652,59934.12941,59934.12941
Austria,44195.81759,45307.58786,47429.15846,51486.5755,50114.40111,48588.65938,53267.93275,53267.93275
Azerbaijan,5500.310382,3880.738731,4147.089716,4739.84171,4805.753718,4229.910649,5384.034998,5384.034998
Burundi,305.5111441,251.6514772,250.5146007,238.0343096,223.8628757,233.8375103,236.7954142,236.7954142
Belgium,41008.29672,42012.62272,44198.48239,47549.20805,46599.11134,45189.3669,51767.78857,51767.78857
Benin,1076.796698,1087.287331,1136.593872,1241.825298,1219.515506,1291.040972,1428.447177,1428.447177
Burkina Faso,653.3272681,688.2506963,734.996268,804.5005378,796.1152068,857.9327297,918.1525819,918.1525819
Bangladesh,1248.45331,1678.95323,1839.583378,1991.483267,2154.226819,2270.347535,2503.04388,2503.04388
Bulgaria,7074.681023,7569.478815,8366.293221,9446.700772,9879.268533,10079.20338,11634.97102,11634.97102
Bahrain,22634.08565,22608.45256,23742.93734,24086.30169,23552.37995,20406.50233,22232.32523,22232.32523
"Bahamas, The",31699.35863,31314.84456,32371.00818,33077.39183,33872.33431,24665.09683,28239.36671,28239.36671
Bosnia and Herzegovina,4729.690054,4994.971623,5394.26914,6070.35298,6119.762351,6082.36673,6916.438315,6916.438315
Belarus,5967.052204,5039.681886,5785.670673,6360.062473,6837.717826,6555.426818,7303.696266,7303.696266
Belize,4805.196852,4877.670506,4909.604664,4927.194224,4983.336114,3987.796596,4420.491372,4420.491372
Bermuda,102005.6256,106885.8785,111820.5815,113050.7369,116153.1661,107706.0398,110869.4631,110869.4631
Bolivia,3035.971655,3076.656439,3351.124344,3548.59078,3552.068144,3137.989617,3414.892849,3414.892849
Brazil,8813.989806,8710.06329,9928.675897,9151.381732,8876.059836,6814.875632,7518.834284,7518.834284
Barbados,16558.86478,16909.88655,17404.20747,17782.87473,18480.05659,16318.74811,17033.93719,17033.93719
Brunei Darussalam,31164.03625,27158.40565,28571.60829,31628.47626,31085.96193,27442.95383,31722.66014,31722.66014
Bhutan,2752.630172,2930.574923,3286.596744,3243.477437,3322.863329,3000.777986,,3000.777986
Botswana,6402.910183,6982.917492,7296.092142,7503.878588,7247.429476,6348.832318,7347.552382,7347.552382
Central African Republic,377.4229177,402.1916451,450.900697,475.9538139,468.1175148,481.7462966,511.4847456,511.4847456
Canada,43596.13554,42315.60371,45129.4293,46548.63841,46328.67184,43258.26387,52051.35146,52051.35146
Central Europe and the Baltics,12522.66106,12831.40994,14254.7381,16047.2797,16346.56181,16197.29935,18568.99338,18568.99338
Switzerland,84776.14217,83073.28008,83352.08865,86388.40495,85334.51946,87100.41482,93457.4404,93457.4404
Channel Islands,,,,,,,,0
Chile,13495.01061,13690.90746,14962.55685,15772.33348,14699.46278,13220.57076,16502.83857,16502.83857
China,8016.431435,8094.363367,8816.986905,9905.342004,10143.8382,10408.66976,12556.33312,12556.33312
Cote d'Ivoire,1972.545683,2013.381448,2111.026557,2314.050958,2276.332394,2325.723705,2578.760412,2578.760412
Cameroon,1382.50979,1413.255957,1469.4475,1585.240534,1533.095688,1537.130218,1661.702105,1661.702105
"Congo, Dem. Rep.",497.3170391,471.3188225,467.0742317,565.8295429,596.5605701,543.9503925,584.1064092,584.1064092
"Congo, Rep.",2448.523778,2051.666176,2170.900563,2606.615526,2369.729441,1899.778237,2213.880863,2213.880863
Colombia,6175.87603,5870.777957,6376.706716,6729.583332,6418.615783,5312.198556,6131.225922,6131.225922
Comoros,1242.585608,1273.050952,1323.814843,1428.290463,1404.433187,1407.40927,1494.687693,1494.687693
Cabo Verde,3043.031382,3131.017598,3292.633503,3616.460666,3603.775241,3064.272388,3445.756536,3445.756536
Costa Rica,11642.77805,12011.22275,12225.57449,12485.4239,12762.13801,12201.92603,12508.61563,12508.61563
Caribbean small states,10181.80616,9557.667766,9915.744684,10250.29173,10406.67071,8857.870922,9352.282028,9352.282028
Cuba,7694.014637,8060.796598,8541.213686,8824.194008,9125.878679,9477.852873,,9477.852873
Curacao,19260.26985,18881.83062,18788.80728,18956.09791,19024.17723,16109.86167,,16109.86167
Cayman Islands,76284.1943,78471.62814,81513.16283,86180.53969,91513.04267,85346.76195,,85346.76195
Cyprus,23408.33594,24605.91992,26608.875,29334.11133,29206.07617,27681.56641,30798.47656,30798.47656
Czech Republic,17829.69832,18575.23203,20636.19995,23419.73561,23660.14881,22933.49959,26378.49996,26378.49996
Germany,41103.25644,42136.12079,44652.58917,47973.60762,46794.89929,46252.6893,50801.78671,50801.78671
Djibouti,2652.513228,2803.689125,2926.153304,3038.269738,3172.750685,3219.701128,3363.712048,3363.712048
Dominica,7597.288894,8080.968623,7298.51458,7745.376963,8516.280039,7003.859021,7559.975039,7559.975039
Denmark,53254.85637,54663.99837,57610.09818,61591.92887,59775.7351,61063.31643,67803.0471,67803.0471
Dominican Republic,6921.520594,7280.88361,7609.353275,8050.644076,8282.117131,7268.19691,8603.789905,8603.789905
Algeria,4177.889542,3946.452447,4109.698217,4142.018558,3989.668276,3306.858208,3765.034625,3765.034625
East Asia & Pacific (excluding high income),6511.258118,6600.764194,7159.45138,7954.762525,8177.838,8270.455138,9776.493809,9776.493809
Early-demographic dividend,3244.237034,3303.710575,3521.381645,3509.754222,3538.833413,3253.713456,3739.95779,3739.95779
East Asia & Pacific,9599.414082,9867.865824,10466.42427,11324.00488,11494.09153,11483.59931,13037.46264,13037.46264
Europe & Central Asia (excluding high income),7485.826926,7070.965425,7889.016899,8008.257108,8136.751834,7435.160748,8708.063638,8708.063638
Europe & Central Asia,22624.91539,22455.14736,23704.3284,25297.67986,24914.60337,23981.02201,27114.27599,27114.27599
Ecuador,6124.490887,6060.092962,6213.503127,6295.934662,6222.524653,5627.77228,5934.875496,5934.875496
Egypt,3562.932658,3519.87324,2444.290387,2537.125185,3019.092283,3569.206841,3876.359594,3876.359594
Euro area,34388.28378,35163.47243,37154.48194,40059.18248,39195.77483,38012.66729,42307.72904,42307.72904
Eritrea,,,,,,,,0
Spain,25742.36883,26523.34822,28170.16786,30364.57994,29554.49052,27056.42175,30115.70589,30115.70589
Estonia,17402.03761,18295.34293,20437.76538,23063.56382,23397.87826,23054.35849,27280.65844,27280.65844
Ethiopia,640.5419231,717.1248698,768.5230154,771.5248663,855.7608852,936.4507576,943.9656842,943.9656842
European Union,30485.02881,31186.51062,33094.40835,35753.36685,35089.28279,34191.82825,38234.1346,38234.1346
Fragile and conflict affected situations,1913.692036,1762.810027,1825.738332,1826.833266,1905.700418,1743.367113,1826.396401,1826.396401
Finland,42801.90812,43814.02651,46412.13648,49988.91085,48628.64176,49160.83715,53982.61427,53982.61427
Fiji,5390.714207,5651.272721,6101.02389,6317.413723,6175.890653,5102.843929,5085.971642,5085.971642
France,36652.92231,37062.53357,38781.04949,41592.7959,40578.64429,39037.12263,43518.53851,43518.53851
Faroe Islands,53310.26201,58224.80551,61455.05261,65572.60753,67153.68194,66320.6792,,66320.6792
"Micronesia, Fed. Sts.",2906.617012,3014.700358,3289.642117,3568.291016,3624.249092,3542.969788,3476.650895,3476.650895
Gabon,7384.700704,6984.419712,7230.434912,7959.007267,7766.996554,6881.714225,8016.990495,8016.990495
United Kingdom of Great Britain and Northern Ireland,45404.56777,41499.5557,40857.75558,43646.95197,43070.49836,41098.07865,47334.35531,47334.35531
Georgia,4014.185944,4062.169888,4357.000936,4722.042423,4696.150586,4255.742993,5042.385528,5042.385528
Ghana,1774.074771,1971.956935,2074.290733,2260.860567,2246.625578,2254.153889,2445.290749,2445.290749
Gibraltar,,,,,,,,0
Guinea,769.2554754,732.2915119,855.5752706,955.1112811,1052.588091,1078.950006,1174.352972,1174.352972
"Gambia, The",660.7235712,690.7804932,679.7550717,732.7207273,772.5055883,757.4131116,835.5944214,835.5944214
Guinea-Bissau,603.3993815,661.4578387,738.5499449,802.7673851,749.453747,727.5201717,812.962373,812.962373
Equatorial Guinea,11283.39802,9250.316728,9667.856962,10005.61604,8380.741122,7198.335884,8462.28633,8462.28633
Greece,18083.87791,17923.96681,18582.08934,19756.99046,19133.75776,17647.23269,20276.54467,20276.54467
Grenada,9096.538652,9628.259169,10152.83281,10466.88221,10834.49568,9273.199292,9928.621733,9928.621733
Greenland,44536.40131,48181.87419,50766.59942,54545.29998,53256.24409,54570.37502,,54570.37502
Guatemala,3994.636913,4173.301666,4454.04815,4478.424646,4638.634943,4603.339643,5025.575573,5025.575573
Guam,35829.25036,36214.00692,36601.91988,36556.67491,38040.58699,34624.34013,,34624.34013
Guyana,5576.825852,5811.397924,6124.95367,6145.819277,6609.51128,6955.939217,9374.80457,9374.80457
High income,39847.26178,40475.17746,42118.2044,44571.43358,44774.77502,43282.42346,47886.78459,47886.78459
Hong Kong (S.A.R.),42431.88828,43733.91636,46160.42979,48537.56689,48356.0635,46100.97587,49660.63424,49660.63424
Honduras,2302.204411,2342.584904,2453.727115,2510.322943,2574.356751,2405.732848,2831.033021,2831.033021
Heavily indebted poor countries (HIPC),965.7695501,987.1093103,1065.40861,987.1739045,994.8982809,975.4742618,1057.919242,1057.919242
Croatia,11933.37738,12527.73986,13629.28959,15227.5601,15311.7669,14132.48656,17398.76598,17398.76598
Haiti,1386.854191,1290.380508,1369.063734,1479.345827,1312.770636,1272.367992,1814.674048,1814.674048
Hungary,12720.71202,13107.37791,14623.69665,16427.37276,16735.65978,16075.97327,18772.67329,18772.67329
IBRD only,5547.679602,5540.167966,6058.914633,6387.748819,6473.782551,6176.40377,7241.958363,7241.958363
IDA & IBRD total,4509.589868,4493.836521,4879.042932,5110.911271,5168.837517,4925.381242,5720.323923,5720.323923
IDA total,1342.999404,1342.913778,1372.988159,1369.260457,1399.11567,1365.047843,1456.412704,1456.412704
IDA blend,1972.147153,1861.940378,1787.801592,1835.321807,1852.219116,1740.603808,1857.422562,1857.422562
Indonesia,3331.695115,3562.816334,3837.578024,3893.859578,4135.233344,3870.55762,4291.812554,4291.812554
IDA only,1024.886105,1080.258622,1162.971829,1133.259641,1169.69953,1175.586605,1254.267846,1254.267846
Isle of Man,85126.97047,82197.12677,83477.83429,89112.66772,86481.55259,,,0
India,1605.605445,1732.554242,1980.66702,1998.259076,2072.244897,1933.101069,2277.434347,2277.434347
Not classified,,,,,,,,0
Ireland,62012.48493,62861.63912,69774.02897,79107.60499,80886.61574,85422.54287,99152.10257,99152.10257
"Iran, Islamic Republic of...",5200.680787,5755.802448,6032.065127,4046.341864,3514.042168,2756.749977,,2756.749977
Iraq,4688.318017,4550.658638,4985.452879,5915.850854,5943.458455,4583.747494,5048.387813,5048.387813
Iceland,52951.68151,61987.92636,72010.14903,74469.80406,68941.46223,59264.03409,68383.76534,68383.76534
Israel,35808.43643,37330.2618,40774.12961,42063.45313,43951.24773,44177.57122,51430.07968,51430.07968
Italy,30242.38614,30960.73151,32406.72032,34622.16967,33673.47545,31834.97262,35551.28499,35551.28499
Jamaica,4907.927415,4843.7499,5070.099503,5359.993789,5369.498371,4664.530242,4586.650509,4586.650509
Jordan,4164.108769,4175.356602,4231.51828,4308.151074,4405.487109,4282.765825,4405.839424,4405.839424
Japan,34960.63938,39375.47316,38834.05293,39727.1166,40458.00188,39918.16756,39285.16311,39285.16311
Kazakhstan,10510.77189,7714.841844,9247.581331,9812.626371,9812.595808,9121.637138,10041.48984,10041.48984
Kenya,1464.554009,1525.235192,1633.491216,1794.091175,1909.304537,1872.124026,2006.83224,2006.83224
Kyrgyz Republic,1121.082835,1120.666513,1242.769643,1308.140165,1374.032105,1182.5217,1276.242643,1276.242643
Cambodia,1162.904995,1269.591499,1385.260066,1512.126989,1643.121389,1547.511388,1590.95666,1590.95666
Kiribati,1535.162783,1586.344978,1648.594957,1693.950155,1512.95277,1514.591059,,1514.591059
St. Kitts and Nevis,18717.42876,19542.16228,20382.77987,20567.25826,22047.88303,18440.85368,18230.13235,18230.13235
South Korea,28732.23108,29288.87044,31616.8434,33436.92306,31902.4169,31597.50465,34757.72007,34757.72007
Kuwait,29869.55275,27653.15762,29759.46747,33399.06048,32373.25111,24811.76971,,24811.76971
Latin America & Caribbean (excluding high income),8203.003864,7885.57463,8699.475686,8357.124704,8165.360565,6765.532776,7727.161172,7727.161172
Lao PDR,2140.044323,2324.400917,2455.211559,2569.093892,2613.944427,2608.982833,2551.326081,2551.326081
Lebanon,7643.008718,7617.689634,7776.034642,8003.827612,7527.44306,3801.792743,2670.441956,2670.441956
Liberia,721.5810505,740.914906,721.085044,710.2659984,672.3404992,601.0630058,673.0890671,673.0890671
Libya,7590.442981,7687.882134,10205.32483,11482.13364,10218.04303,7614.325449,6018.445207,6018.445207
St. Lucia,10093.61802,10362.35158,11034.62983,11353.71523,11591.08044,8804.561089,9570.995457,9570.995457
Latin America & Caribbean,8629.009605,8350.020625,9188.579683,8902.399152,8699.460717,7270.703584,8340.3896,8340.3896
Least developed countries: UN classification,1009.424564,1025.998979,1119.433811,1077.493342,1105.717065,1099.201561,1176.977617,1176.977617
Low income,791.7100264,764.7048854,834.4908817,699.4114352,720.474279,703.7338455,749.7613804,749.7613804
Liechtenstein,167313.2663,165642.3863,171253.9643,176499.4026,169049.1569,,,0
Sri Lanka,3843.780672,3886.291502,4077.043841,4059.20823,3848.212376,3694.040948,3814.715219,3814.715219
Lower middle income,2109.3345,2193.471208,2322.906883,2335.303125,2411.334922,2285.711107,2581.857195,2581.857195
Low & middle income,4366.051099,4349.147276,4718.39202,4933.697969,4993.619381,4759.776082,5530.438553,5530.438553
Lesotho,1146.064688,1018.784872,1102.629728,1192.48432,1153.388058,1050.631634,1166.461667,1166.461667
Late-demographic dividend,8208.051873,8179.070874,9018.161029,9832.141379,9974.505915,9699.089375,11452.82041,11452.82041
Lithuania,14263.96458,15008.31324,16885.40739,19186.18128,19575.76848,20232.30204,23433.39091,23433.39091
Luxembourg,105462.0126,106899.2935,110193.2138,117254.7404,113218.7133,116356.158,135682.7943,135682.7943
Latvia,13786.4568,14331.75159,15695.11515,17865.03109,17926.84159,17703.95344,20642.16792,20642.16792
"Macao SAR, China",74818.94813,73545.75824,81019.47377,87526.07999,86197.36569,39403.13591,45421.62663,45421.62663
St. Martin (French part),,,,,,,,0
Morocco,2875.258057,2896.722168,3035.454346,3226.98291,3235.000732,3058.69165,3496.758301,3496.758301
Monaco,165989.5051,170028.6557,167517.0597,185978.6093,189487.1471,173688.1894,,173688.1894
Moldova,2732.46073,2880.43529,3509.686829,4230.626969,4492.10574,4525.759654,5314.531461,5314.531461
Madagascar,467.2354316,475.9555568,515.2933234,518.401123,526.2245722,477.6130414,514.9058618,514.9058618
Maldives,9033.41027,9209.443564,9577.346946,10279.07998,10561.61351,6924.105745,8994.641352,8994.641352
Middle East & North Africa,7375.464756,7307.448457,7469.549834,7704.420769,7587.355596,6688.08728,7696.86848,7696.86848
Mexico,9616.645558,8744.515559,9287.849587,9686.984927,9950.217622,8431.665017,9926.422768,9926.422768
Marshall Islands,3199.886846,3490.998389,3672.576783,3793.550983,4073.10983,4129.850998,4170.981918,4170.981918
Middle income,4755.93561,4745.70858,5154.4311,5415.611006,5487.844058,5237.022473,6102.000869,6102.000869
North Macedonia,4861.553971,5149.589074,5450.492881,6108.740108,6070.388054,5846.465899,6720.896285,6720.896285
Mali,751.4728892,780.7235497,830.0214445,894.8048435,879.0431675,862.453012,917.9130633,917.9130633
Malta,24921.60368,25624.53727,28857.01987,31573.11656,31185.64962,28946.46268,33257.42203,33257.42203
Myanmar,1196.743333,1136.610627,1151.114464,1250.173685,1271.111536,1450.662673,1187.238484,1187.238484
Middle East & North Africa (excluding high income),3931.556278,3962.898791,3864.148677,3604.925763,3574.162674,3190.325097,3612.245533,3612.245533
Montenegro,6517.189614,7033.438006,7803.362579,8850.378404,8909.890151,7694.633759,9367.016884,9367.016884
Mongolia,3875.321675,3658.3903,3687.100003,4156.84697,4404.84583,4060.950518,4534.918589,4534.918589
Northern Mariana Islands,16314.38355,21891.18479,27584.74351,22886.67405,20659.64029,,,0
Mozambique,589.8594314,428.9264503,461.4149278,503.3020092,506.8171391,448.8438914,500.4448085,500.4448085
Mauritania,1524.073317,1536.855615,1587.858904,1669.773476,1743.301317,1702.486959,1723.013866,1723.013866
Mauritius,9260.447303,9681.618567,10484.90836,11208.34382,11097.16898,8632.752859,8812.108249,8812.108249
Malawi,380.5969877,315.7779871,506.1372944,544.5934593,591.8470837,636.2863096,642.6569158,642.6569158
Malaysia,9955.242722,9817.78709,10259.30481,11380.07922,11432.82603,10412.34767,11371.09902,11371.09902
North America,55452.42138,56312.43488,58430.1986,61158.56356,63175.74013,61000.85526,67514.02312,67514.02312
Namibia,4896.61526,4546.986688,5367.114674,5588.392864,5028.295342,4157.019506,4729.270937,4729.270937
New Caledonia,32520.30457,32391.20197,33976.54853,36382.49553,34788.54031,34694.5504,,34694.5504
Niger,484.1531374,500.2149113,517.7715723,570.723922,554.0993893,567.6698923,594.9251089,594.9251089
Nigeria,2687.480056,2176.002772,1968.565398,2027.778549,2229.858652,2097.092473,2085.030765,2085.030765
Nicaragua,2049.851666,2107.57406,2159.161926,2014.575189,1924.471816,1900.043594,2090.753461,2090.753461
Netherlands,45193.40322,46039.10593,48675.22234,53044.53244,52476.27325,52396.03221,58061.00167,58061.00167
Norway,74355.51586,70460.56053,75496.75406,82267.80932,75719.7529,67329.67779,89202.75054,89202.75054
Nepal,901.7496077,899.523581,1048.453755,1178.525957,1194.957236,1147.471971,1222.878794,1222.878794
Nauru,8341.012278,9521.042101,10339.38548,11614.66508,11029.73558,10580.26819,12252.2668,12252.2668
New Zealand,38630.72659,40058.19616,42924.9956,43250.44097,42865.23364,41596.5055,48801.68513,48801.68513
OECD members,35590.73172,36037.76772,37377.57018,39306.7924,39478.31197,38116.42222,42098.64597,42098.64597
Oman,18444.927,16772.73921,17329.18546,18947.3665,17700.70349,14485.38612,16439.29645,16439.29645
Other small states,12780.72639,12385.43331,13215.42974,14368.92697,13799.29553,11792.06642,13776.75585,13776.75585
Pakistan,1356.667831,1540.184503,1631.531909,1678.04315,1481.813864,1359.514522,1537.936411,1537.936411
Panama,13630.30115,14343.98026,15146.40851,15544.99908,15774.25495,12509.83529,14516.45805,14516.45805
Peru,6229.100674,6204.996457,6710.507602,6958.497262,7023.077526,6117.493571,6692.248375,6692.248375
Philippines,3001.043182,3073.654686,3123.245642,3252.110274,3485.340844,3301.218603,3548.828323,3548.828323
Palau,15876.46193,16835.986,16019.98989,15895.2599,15232.48708,14243.86469,,14243.86469
Papua New Guinea,2679.346579,2509.629637,2695.249009,2801.371393,2820.306397,2757.011019,2916.357349,2916.357349
Poland,12578.49547,12447.43959,13864.68176,15468.48222,15732.20313,15742.45373,17840.92105,17840.92105
Pre-demographic dividend,1563.731184,1396.061296,1446.507196,1438.529516,1474.823822,1349.15316,1437.208502,1437.208502
Puerto Rico,29763.4883,30627.1634,31108.76057,31604.70151,32850.54861,31429.86612,,31429.86612
"Korea, Dem. People's Rep.",,,,,,,,0
Portugal,19250.10654,19991.97249,21490.42986,23562.55452,23330.81729,22194.56611,24262.18094,24262.18094
Paraguay,5413.776021,5324.609068,5678.869972,5782.78455,5383.574422,4967.687212,5400.103826,5400.103826
West Bank and Gaza,3272.154324,3527.613824,3620.360487,3562.330943,3656.858271,3233.568638,3663.969055,3663.969055
Pacific island small states,3832.551181,3965.895179,4222.557375,4340.564704,4271.583766,3785.503406,3798.752777,3798.752777
Post-demographic dividend,40669.04208,41401.37787,42995.85935,45413.55092,45728.10123,44330.3117,48916.17657,48916.17657
French Polynesia,19500.10086,20020.09386,21127.06433,22094.75746,21512.2733,20182.5845,,20182.5845
Qatar,63039.11263,57162.96801,59124.86727,65907.94843,62087.97413,50124.38594,61275.99827,61275.99827
Romania,8969.148921,9548.587403,10807.00917,12398.98198,12899.34611,12956.56625,14861.90917,14861.90917
Russia,9313.013672,8704.898438,10720.33301,11287.36035,11536.25098,10161.98242,12172.78516,12172.78516
Rwanda,751.1105055,744.7943858,772.2948846,783.8127901,820.1772393,786.3018148,833.8298757,833.8298757
South Asia,1543.048131,1696.739629,1911.329754,1944.006635,1987.56834,1875.441391,2176.776671,2176.776671
Saudi Arabia,20627.92178,19878.76817,20802.46179,24228.83904,23450.56202,20203.66888,23585.88563,23585.88563
Sudan,2184.542236,2583.447266,3178.314209,773.5070801,755.3289795,615.4620972,764.3410034,764.3410034
Senegal,1219.249415,1269.903294,1361.701972,1458.081584,1435.830367,1462.808169,1606.472061,1606.472061
Singapore,55646.61875,56860.41324,61150.7272,66859.33834,65831.18943,60729.45035,72794.00302,72794.00302
Solomon Islands,2167.155394,2225.475204,2332.898555,2411.897904,2344.048976,2250.601164,2336.968134,2336.968134
Sierra Leone,588.2288628,501.4151655,496.6822949,533.9915333,521.7548367,509.376594,515.9320918,515.9320918
El Salvador,3705.579704,3805.995686,3910.254403,4052.624775,4167.730939,3798.636521,4408.520365,4408.520365
San Marino,42662.90241,43828.23155,45399.02898,48996.59299,47727.13489,45515.7577,,45515.7577
Somalia,386.437817,389.8220615,384.4634014,389.8313955,419.3948077,438.2551656,445.7790165,445.7790165
Serbia,5588.980728,5765.200762,6292.543629,7252.401858,7417.203649,7730.691746,9214.993546,9214.993546
Sub-Saharan Africa (excluding high income),1691.410566,1536.929331,1621.632341,1605.490023,1617.541932,1500.852648,1644.480362,1644.480362
South Sudan,1119.651437,,,,,,,0
Sub-Saharan Africa,1692.674294,1538.244417,1622.982614,1606.863419,1618.920771,1501.779422,1645.472944,1645.472944
Small states,11746.83968,11348.57057,12064.64049,13015.08585,12615.13255,10787.66873,12394.92591,12394.92591
Sao Tome and Principe,1584.775657,1700.097997,1813.807434,1953.513257,1987.579702,2157.840446,2449.333442,2449.333442
Suriname,9168.237157,5872.789429,6295.560562,6938.086981,6853.693411,4916.605666,4836.332633,4836.332633
Slovak Republic,16342.21626,16512.29299,17538.04858,19389.98216,19303.54566,19266.51357,21087.8461,21087.8461
Slovenia,20890.16643,21678.35947,23514.02546,26116.85636,25942.95477,25489.50023,29200.81988,29200.81988
Sweden,51545.48361,51965.15715,53791.50873,54589.06039,51939.42974,52300.2062,60238.98656,60238.98656
Eswatini,3680.349473,3425.531957,3914.418484,4107.094431,3889.851226,3434.721798,4214.861688,4214.861688
Sint Maarten (Dutch part),32274.89055,31616.6817,29369.05683,28988.25921,,,,0
Seychelles,15157.50183,15740.11063,16416.72607,16910.66792,17252.02078,12193.88687,13306.7256,13306.7256
Syrian Arab Republic,979.1444387,713.029204,955.836559,1265.60619,,,,0
Turks and Caicos Islands,26183.88504,28241.47929,27545.12879,29553.1367,31350.86663,23879.92665,24047.05471,24047.05471
Chad,776.0197523,693.4497674,665.9488849,726.1510071,709.5400432,652.3492096,696.4227755,696.4227755
East Asia & Pacific (IDA & IBRD countries),6583.953456,6674.255578,7238.969962,8042.948352,8268.375718,8361.938147,9884.678914,9884.678914
Europe & Central Asia (IDA & IBRD countries),8019.897882,7677.406606,8562.533645,8876.157251,9026.080646,8406.890911,9782.541967,9782.541967
Togo,570.9099672,803.1518934,830.7452767,901.5230169,893.3524541,914.9507925,992.3284294,992.3284294
Thailand,5840.053067,5993.305516,6593.818352,7298.947146,7814.384431,7158.766684,7233.388858,7233.388858
Tajikistan,978.4049812,807.1025861,848.6723799,853.2188734,890.5444024,852.8309878,897.087902,897.087902
Turkmenistan,6432.685325,6387.682575,6587.092604,6967.375043,7612.03518,,,0
Latin America & the Caribbean (IDA & IBRD countries),8480.625831,8185.147519,9037.781171,8740.515234,8519.254425,7062.47559,8100.572875,8100.572875
Timor-Leste,1332.791856,1353.754934,1299.494635,1249.138351,1583.713576,1442.730738,1457.825128,1457.825128
Middle East & North Africa (IDA & IBRD countries),3939.384091,3968.09362,3867.06706,3605.440104,3573.155702,3189.795404,3611.601011,3611.601011
Tonga,4336.239603,4157.877249,4513.432531,4740.700272,4903.012138,4624.823449,,4624.823449
South Asia (IDA & IBRD),1543.048131,1696.739629,1911.329754,1944.006635,1987.56834,1875.441391,2176.776671,2176.776671
Sub-Saharan Africa (IDA & IBRD countries),1692.674294,1538.244417,1622.982614,1606.863419,1618.920771,1501.779422,1645.472944,1645.472944
Trinidad and Tobago,18383.5387,16241.41096,16747.9067,17139.18567,17123.11629,15285.94049,15243.12287,15243.12287
Tunisia,4094.841602,3924.349092,3687.780316,3690.896932,3571.945048,3597.218525,3924.343925,3924.343925
Turkey,11006.27952,10894.60338,10589.66772,9454.348443,9121.515167,8536.43332,9586.61245,9586.61245
Tuvalu,3316.664522,3706.329903,3978.676452,4156.305128,4652.350846,4668.818743,5291.485244,5291.485244
Tanzania,947.9333496,966.5029907,1004.906616,1042.838745,1085.884888,1076.469727,1135.539673,1135.539673
Uganda,847.2676289,736.5598474,746.8307529,770.6007843,798.5857341,822.0276815,858.0575127,858.0575127
Ukraine,2124.662354,2187.730469,2638.326172,3096.561768,3661.456299,3751.740723,4835.571777,4835.571777
Upper middle income,8149.75184,8041.062324,8834.526226,9448.634854,9548.200238,9166.460854,10835.52317,10835.52317
Uruguay,15613.74597,16715.63347,18690.89384,18703.86029,17688.01501,15418.81531,17020.64864,17020.64864
United States of America,56762.72945,57866.74493,59914.7778,62805.25376,65094.79943,63027.67953,69287.53659,69287.53659
Uzbekistan,2753.971072,2704.677188,1916.764642,1597.068337,1784.009816,1749.655815,1983.064723,1983.064723
St. Vincent and the Grenadines,7207.170759,7438.792212,7717.846546,8024.028496,8229.722486,7860.821354,7996.614002,7996.614002
"Venezuela, RB",,,,,,,,0
British Virgin Islands,,,,,,,,0
Virgin Islands (U.S.),34007.35294,35324.97489,35365.0693,36653.86305,38596.03071,39552.1686,,39552.1686
Viet Nam,2581.622442,2745.565588,2974.117229,3230.927713,3425.089253,3526.274579,3694.019046,3694.019046
Vanuatu,2695.666186,2805.66532,3082.540055,3125.436014,3122.982599,2919.8368,3127.446248,3127.446248
World,10231.70259,10286.41133,10825.90237,11366.07367,11407.47933,10936.05747,12262.93462,12262.93462
Samoa,4073.729083,4109.663296,4258.978675,4187.504787,4322.868416,4068.078865,3939.113696,3939.113696
Kosovo,3520.766449,3759.560246,4009.380987,4384.048892,4416.108358,4310.811183,4986.582469,4986.582469
"Yemen, Rep.",1601.807163,1152.738019,964.3403436,758.1459489,750.5545834,631.68149,690.759273,690.759273
South Africa,6259.839681,5756.965741,6690.939847,7005.095413,6624.761865,5655.867654,6994.211654,6994.211654
Zambia,1338.290927,1280.806543,1535.196574,1516.368371,1305.001031,985.132436,1120.630171,1120.630171
Zimbabwe,1445.069702,1464.588957,1235.189032,1254.642265,1316.740657,1214.50982,1737.173977,1737.173977
Taiwan,33059,33059,33059,33059,33059,33059,33059,33059